id,first_name,last_name,gender
1,Tracy,Alywen,Female
2,Kin,Twatt,Male
3,Alonzo,O'Tuohy,Male
4,Hortense,Birbeck,Female
5,Hillier,Drinnan,Male
6,Montgomery,Stenet,Male
7,Derron,Soden,Male
8,Alta,Ondricek,Female
9,Chilton,Genery,Male
10,Humfried,Iacopetti,Male
11,Rosalynd,Tattoo,Female
12,Doria,Crady,Female
13,Irving,Geratasch,Male
14,Eugene,Willimot,Male
15,Noreen,Edgehill,Female
16,Boone,Nudd,Male
17,Elianora,Sidebotton,Female
18,Marcelle,Casserly,Female
19,Trumann,Weild,Male
20,Didi,Scarlan,Female
21,Tanny,Simonel,Male
22,Connie,McDonell,Female
23,Bob,Margram,Male
24,Ebeneser,Castellanos,Male
25,Ronda,Mugg,Female
26,Osbourn,Paget,Male
27,Tod,BURWIN,Male
28,Ralf,Roper,Male
29,Ursola,Strattan,Female
30,Carma,Stubbin,Female
31,Hakim,Mustoe,Male
32,Alexei,Beszant,Male
33,Thorpe,Clowton,Male
34,Amity,Frail,Female
35,Bryana,Tumini,Female
36,Marianna,Franchyonok,Female
37,Julian,Davidovsky,Male
38,Gregor,Cramphorn,Male
39,Elmore,Casari,Male
40,Val,Caslane,Female
41,Jobye,Culham,Female
42,Dore,Baistow,Male
43,Vernen,Walsom,Male
44,Lawrence,Marioneau,Male
45,Myron,McAlroy,Male
46,Marven,Songest,Male
47,Arluene,Ledram,Female
48,Robers,Rosenzveig,Male
49,Robers,Nutty,Male
50,Mina,Birks,Female
51,Pearl,Kerwick,Female
52,Darice,Lassey,Female
53,Emmet,Crambie,Male
54,Gilda,Ronisch,Female
55,Saundra,Topley,Male
56,Sunny,Brotherton,Female
57,Lind,Capaldo,Female
58,Kylila,Casina,Female
59,Man,Hazard,Male
60,Lyndy,Cloney,Female
61,Koenraad,Wasbey,Male
62,Briggs,Darnbrough,Male
63,Yvette,Wrathmell,Female
64,Dalton,Derington,Male
65,Bevon,Barles,Male
66,Catlaina,Orpen,Female
67,Jenica,Pashenkov,Female
68,Corenda,Goose,Female
69,Raychel,MacIntosh,Female
70,Gerhardine,Barnaby,Female
71,Margareta,Rolls,Female
72,Gerek,World,Male
73,Pauly,Gritsaev,Male
74,Collin,Duval,Male
75,Nichole,Craigg,Female
76,Cam,Brade,Male
77,Lenka,Emmert,Female
78,Carma,McRae,Female
79,Mark,Daviot,Male
80,Ky,McGuckin,Male
81,Paxton,Shingles,Male
82,Florie,Viner,Female
83,Basile,Bolmann,Male
84,Rennie,Brierley,Female
85,Ker,Bangiard,Male
86,Shell,Limmer,Male
87,Stern,Dikles,Male
88,Tamiko,Handford,Female
89,Lynne,Norley,Female
90,Cordelia,Gepp,Female
91,Walker,Bingall,Male
92,Sanderson,Hiskey,Male
93,Joshua,Brooksbank,Male
94,Jasmina,Shutler,Female
95,Carlos,Hendriksen,Male
96,Nicolai,Betke,Male
97,Lia,Adamovsky,Female
98,Mercie,Rubertis,Female
99,Elmira,Patroni,Female
100,Barron,Ashe,Male
101,Kanya,Absolem,Female
102,Marylou,Voice,Female
103,Merlina,Sarre,Female
104,Alon,Such,Male
105,Betta,Perazzo,Female
106,Ferguson,Westman,Male
107,Tab,Pounder,Male
108,Andee,Abella,Female
109,Janene,Hancorn,Female
110,Farrah,Shepley,Female
111,Donavon,Itzkovwitch,Male
112,Alameda,Alfonsetto,Female
113,Frayda,Redwood,Female
114,Julio,Stebbings,Male
115,Parker,Beckitt,Male
116,Dick,Trounce,Male
117,Dannie,Coulman,Female
118,Rosalind,Flitcroft,Female
119,Fianna,Clitsome,Female
120,Rosalia,Domican,Female
121,Sydel,Wragge,Female
122,Marj,MacCard,Female
123,Jarrett,Lesurf,Male
124,Tremain,Habercham,Male
125,Bentley,Heymann,Male
126,Henryetta,Doherty,Female
127,Biddy,Craghead,Female
128,Annalise,Newens,Female
129,Preston,Oakland,Male
130,Elton,Laurence,Male
131,Ida,Thal,Female
132,Brina,Kopacek,Female
133,Bertrand,Chazotte,Male
134,El,Davydkov,Male
135,Natalee,Thurlbeck,Female
136,Sully,Keys,Male
137,Salomone,Hagston,Male
138,Wainwright,Ruck,Male
139,Layla,Garrison,Female
140,Brunhilda,Parr,Female
141,Gilles,Waggatt,Male
142,Dacia,Fisher,Female
143,Kristy,Firmin,Female
144,Allin,Folling,Male
145,Ody,Maher,Male
146,Filberte,Anscombe,Male
147,Ave,Matelyunas,Male
148,Elyn,Laguerre,Female
149,Adam,Godspede,Male
150,Brucie,Iori,Male
151,Edmund,Trusdale,Male
152,Egon,Brandi,Male
153,Gabriella,Crowest,Female
154,Eberto,Matkovic,Male
155,Stormi,Spenclay,Female
156,Kingsley,Brearton,Male
157,Bruis,Iannello,Male
158,Carolee,Edgcombe,Female
159,Tilly,Grayshan,Female
160,Rana,Wallbank,Female
161,Alfreda,Walkden,Female
162,Felita,Agget,Female
163,Evyn,Ebhardt,Male
164,Bunny,Kolyagin,Female
165,Cesare,Di Biaggi,Male
166,Geordie,Jacqueminot,Male
167,Ynez,Garrold,Female
168,Arthur,Bench,Male
169,Killian,Windmill,Male
170,Hube,Casero,Male
171,Way,O'Cridigan,Male
172,Nevile,Androletti,Male
173,Rahel,Pietraszek,Female
174,Franklyn,Pyvis,Male
175,Winny,Lafrentz,Male
176,Lothaire,Beggan,Male
177,Viole,Mityushin,Female
178,Sholom,Twidle,Male
179,Tammy,Stockau,Female
180,Ina,McKeevers,Female
181,Rici,Antczak,Female
182,Lennard,Fleetwood,Male
183,Glendon,Knibley,Male
184,Paxon,MacCarrick,Male
185,Hurleigh,Ruddick,Male
186,Elisabeth,Manzell,Female
187,James,Petett,Male
188,Melody,Blacklawe,Female
189,Leroy,Goldhawk,Male
190,Doll,Chastand,Female
191,Cahra,Bernini,Female
192,Crissie,Gai,Female
193,Nadia,Bradberry,Female
194,Robby,Adaway,Male
195,Hector,Ivakhin,Male
196,Costanza,Puttrell,Female
197,Simonne,O'Canavan,Female
198,Leonora,Bignal,Female
199,Sigismond,Skamal,Male
200,Patrick,Codi,Male
201,Jana,Potteridge,Female
202,Micheil,Turgoose,Male
203,Jacquelynn,Mullin,Female
204,Isabelle,Bjorkan,Female
205,Nico,Braden,Male
206,Conrad,Heifer,Male
207,Sylvester,Keaton,Male
208,Rod,Semiras,Male
209,Darin,MacCaffery,Male
210,Raymund,Brockhouse,Male
211,Hartley,Nasi,Male
212,Elnar,Sigmund,Male
213,Arvie,Jerche,Male
214,Aubrette,Dincke,Female
215,Derwin,Bricksey,Male
216,Lek,Huffa,Male
217,Eadith,Mulrean,Female
218,Bent,FitzGeorge,Male
219,Blanche,McCullen,Female
220,Quinn,Gorelli,Male
221,Merrick,Cuttell,Male
222,Billie,Hanselman,Male
223,Leonanie,Badam,Female
224,Thaine,Parmenter,Male
225,Jessalin,Towl,Female
226,Yorgos,Carwithan,Male
227,Wileen,McCallum,Female
228,Sandra,Barwood,Female
229,Allard,Lumbers,Male
230,Orbadiah,Ellerman,Male
231,Zacherie,D'eathe,Male
232,Marya,Cud,Female
233,Ludvig,Brane,Male
234,Beckie,Dodridge,Female
235,Dottie,Guyonnet,Female
236,Erma,Domotor,Female
237,Ardis,Fraczkiewicz,Female
238,Jean,Hearns,Male
239,Ninnetta,Schuricht,Female
240,Magdalena,Streets,Female
241,Bryan,cornhill,Male
242,Alisun,Kimbury,Female
243,Sibyl,Batram,Male
244,Cristal,Mulmuray,Female
245,Doloritas,Meriet,Female
246,Jammie,Dobey,Female
247,Melody,Donohue,Female
248,Erskine,Crocket,Male
249,Luke,Wisher,Male
250,Allie,Greeson,Male
251,Gianni,Norcott,Male
252,Ame,Elvin,Female
253,Stephani,Milne,Female
254,Elli,Nickoll,Female
255,Kacie,Harrisson,Female
256,Wallace,Neve,Male
257,Coop,Bee,Male
258,Gerrie,Furzey,Female
259,Reginald,Saffrin,Male
260,Mercie,Velten,Female
261,Joelie,Simionescu,Female
262,Herschel,Berrey,Male
263,Frannie,Jewel,Male
264,Peri,Ridewood,Female
265,Derrick,Hanhardt,Male
266,Amandy,Rallings,Female
267,Erna,Spinella,Female
268,Baxy,Betteney,Male
269,Katti,Reape,Female
270,Royall,Hands,Male
271,Maddy,Foxwell,Male
272,Blanca,Blakesley,Female
273,Darcee,Avramchik,Female
274,Augustin,Foxton,Male
275,Christoffer,Taggerty,Male
276,Liam,Cleugh,Male
277,Che,Glenton,Male
278,Randene,Gallaway,Female
279,Reba,Shuttleworth,Female
280,Reinhold,Extall,Male
281,Kitti,Sahlstrom,Female
282,Ephraim,Gallihawk,Male
283,Dall,Matteau,Male
284,Noella,Bygrove,Female
285,Allyce,Claiden,Female
286,Stacey,Peer,Female
287,Consalve,Parken,Male
288,Berenice,Kedward,Female
289,Florentia,Mullane,Female
290,Wadsworth,Keen,Male
291,Deonne,Di Bartolomeo,Female
292,Dom,Lloyd,Male
293,Maximilien,Neads,Male
294,Jeremie,Hambridge,Male
295,Adrian,Hexum,Female
296,Torrence,Studde,Male
297,Evangeline,Linkleter,Female
298,Sarah,Muldowney,Female
299,Mikkel,Breit,Male
300,Jeralee,Sorsby,Female
301,Jacky,Mion,Male
302,Holly,Jaxon,Female
303,Klemens,Cosby,Male
304,Karlene,Simondson,Female
305,Logan,Corbett,Male
306,Ingrid,Petheridge,Female
307,Jo,Nulty,Female
308,Orran,Fransman,Male
309,Arda,Robertet,Female
310,Webb,Winsbury,Male
311,Delcina,Battaille,Female
312,Vida,Francais,Female
313,Sarita,Ewbank,Female
314,Tadd,Comley,Male
315,Cleon,Memmory,Male
316,Alva,Climo,Male
317,Palmer,Dawson,Male
318,Lian,Refford,Female
319,Armin,Stubbins,Male
320,Brien,Eyer,Male
321,Tillie,Paur,Female
322,Joni,Stolz,Female
323,Alasdair,Pryer,Male
324,Hubert,Sealey,Male
325,Cristabel,Sullivan,Female
326,Marline,Snipe,Female
327,Sella,Theobald,Female
328,Chance,Rounsefell,Male
329,Eyde,Smalles,Female
330,Charlton,McKellar,Male
331,Tallou,Ablett,Female
332,Marney,Masurel,Female
333,Bunni,Orhrt,Female
334,Elwyn,Siley,Male
335,Horten,Dilworth,Male
336,Reggi,Lowdham,Female
337,Bibbye,Franses,Female
338,Valentina,Kirrens,Female
339,Alix,Anstie,Female
340,Verge,Sail,Male
341,Juan,Laidler,Male
342,Hana,Chadney,Female
343,Davidde,Barkworth,Male
344,Nonie,Wolver,Female
345,Corinna,Poinsett,Female
346,Angelle,Scrowson,Female
347,Georgy,Hillhouse,Male
348,Birgitta,Schubuser,Female
349,Orran,Hayward,Male
350,Lucien,Karlsson,Male
351,Wynn,Hicklingbottom,Male
352,Barthel,Edger,Male
353,Christophorus,Garrard,Male
354,Tina,Chittenden,Female
355,Evania,Jacobsson,Female
356,Wendall,Eickhoff,Male
357,Aggy,Merrikin,Female
358,Lissy,Philliphs,Female
359,Kora,Manderson,Female
360,Isacco,de Keyser,Male
361,Tally,Tunnacliffe,Female
362,Jerome,Bartholomew,Male
363,Gorden,Opdenorth,Male
364,Silvio,Killner,Male
365,Jarrett,Pickerin,Male
366,Stephen,Volks,Male
367,Carlynne,Pauel,Female
368,Mellisa,Tappor,Female
369,Kain,Colthard,Male
370,Jolie,Peatt,Female
371,Jeane,Wearden,Female
372,Rhetta,Greenfield,Female
373,Orville,Gooderidge,Male
374,Lorne,Daleman,Male
375,Larisa,Janacek,Female
376,Elvina,MacVean,Female
377,Elsie,Sanford,Female
378,Andras,Stephens,Male
379,Terry,Shillinglaw,Male
380,Hanan,Cuttelar,Male
381,Jecho,Doohan,Male
382,De,Scrafton,Female
383,Wileen,Ruddin,Female
384,Stephani,Criag,Female
385,Shamus,Barrow,Male
386,Enrico,Nickell,Male
387,Fianna,Gemmill,Female
388,Khalil,Aldren,Male
389,Rosalia,Glassup,Female
390,Maitilde,Gunby,Female
391,Thornton,Bispo,Male
392,Cass,Kellock,Male
393,Kirk,Pleavin,Male
394,Blanca,Hannabus,Female
395,Sarah,Cattrall,Female
396,Barri,Whatsize,Male
397,Dalli,Vasilyonok,Male
398,Stevy,Cumberlidge,Male
399,Biron,Russam,Male
400,Alvy,Jayne,Male
401,Ophelia,Wadforth,Female
402,Bamby,Yea,Female
403,Vaughn,Dimberline,Male
404,Cy,McHaffy,Male
405,Philomena,Sharnock,Female
406,Christoper,Mc Faul,Male
407,Cullen,Elijah,Male
408,Claudie,Bucham,Female
409,Edsel,McSperrin,Male
410,Rutherford,Abbiss,Male
411,Quillan,Rimes,Male
412,Anatola,Saltsberg,Female
413,Helsa,Durnin,Female
414,Maureen,Ziebart,Female
415,Lorettalorna,Sheryne,Female
416,Dulcy,Erdely,Female
417,Kissie,Cicchillo,Female
418,Baird,Thackwray,Male
419,Tatiana,Dearnaly,Female
420,Vinson,Bernette,Male
421,Dorice,Hurcombe,Female
422,Sarena,Habershon,Female
423,Garey,Mouton,Male
424,Verla,Hellwing,Female
425,Pru,Postins,Female
426,Geralda,Gommowe,Female
427,Kelvin,Collman,Male
428,Hillary,Abrahim,Female
429,Tammie,Pearcey,Male
430,Rebe,Birdwistle,Female
431,Zachery,Olenin,Male
432,Roddy,Sidden,Male
433,Helene,Chalcot,Female
434,Lyle,Filipczak,Male
435,Helli,Semark,Female
436,Deanne,Apps,Female
437,Fraze,Jeness,Male
438,Gil,Esley,Male
439,Binny,Reinisch,Female
440,Galven,Fearnehough,Male
441,Stephanie,Kayser,Female
442,Ulrike,Delmonti,Female
443,Marjy,Truitt,Female
444,Bentley,Dowd,Male
445,Adeline,Hintze,Female
446,Giff,Freed,Male
447,Karola,Phayre,Female
448,Barnie,Margerrison,Male
449,Chiquita,Gummow,Female
450,Meade,Crocroft,Male
451,Malory,Greensmith,Female
452,Honoria,Barratt,Female
453,Katalin,Hoyland,Female
454,Donica,Frankling,Female
455,Phip,Abbis,Male
456,Robena,Melato,Female
457,Winnifred,Blague,Female
458,Glynn,Gunton,Male
459,Adelind,Dingwall,Female
460,Meggy,Wolfenden,Female
461,Darrin,McIlwrath,Male
462,Jamey,Woolmore,Male
463,Selene,Adolfson,Female
464,Ruby,Buxey,Female
465,Ricoriki,Loughnan,Male
466,Gerik,Biggadike,Male
467,Mackenzie,Sprowell,Male
468,Verina,Cesconi,Female
469,Lorry,Borsi,Female
470,Gale,Gounot,Female
471,Barney,Tebald,Male
472,Sheryl,Boatwright,Female
473,Tatum,Gout,Female
474,Patton,McIlvaney,Male
475,Caesar,Sanpere,Male
476,Ashbey,Missington,Male
477,Leela,Vautier,Female
478,Lisbeth,Menat,Female
479,Hollis,Menhenitt,Male
480,Chico,Hachard,Male
481,Chicky,McFade,Female
482,Ewan,Petcher,Male
483,Nicolis,Higgen,Male
484,Arley,Sharrier,Male
485,Rosaline,Meus,Female
486,Liuka,Barme,Female
487,Chloette,Gelletly,Female
488,Humfrey,Broz,Male
489,Lexy,Egdal,Female
490,Prudy,Skahill,Female
491,Alex,Masey,Male
492,Chico,Meriguet,Male
493,Phebe,Ferry,Female
494,Miguel,Pocklington,Male
495,Garrard,Vigneron,Male
496,Gilberto,Romans,Male
497,Allard,Daykin,Male
498,Genevra,Burgin,Female
499,Timmy,Kisbee,Male
500,Artus,Benzie,Male
501,Minna,Gillyatt,Female
502,Arlen,Timblett,Female
503,Kathryne,Tebbut,Female
504,Carine,Clee,Female
505,Peri,Hudspeth,Female
506,Josias,Chestnutt,Male
507,Lona,Bullant,Female
508,Izaak,Quantrell,Male
509,Raff,Solomonides,Male
510,Kippie,Paget,Male
511,Iolanthe,Iacomini,Female
512,Godfree,Wackly,Male
513,Kalina,Richards,Female
514,Alistair,Twinborough,Male
515,Nickola,Grimsdike,Male
516,D'arcy,Loblie,Male
517,See,Bagworth,Male
518,Candide,Yarnall,Female
519,Armand,Solon,Male
520,Burke,Dennitts,Male
521,Henka,Rigate,Female
522,Orel,Bootman,Female
523,Clio,Boon,Female
524,Arthur,Goulston,Male
525,Damita,Bernardes,Female
526,Pablo,Yele,Male
527,Celestine,MacDiarmid,Female
528,Kelsey,Towll,Male
529,Faina,Bloss,Female
530,Cicely,Alsford,Female
531,Herb,Martins,Male
532,Jolyn,Stealey,Female
533,Zach,Amis,Male
534,Alyda,Siderfin,Female
535,Travers,Andreu,Male
536,Jerrylee,Beards,Female
537,Dannie,Pindred,Female
538,Sylas,Hirthe,Male
539,Zebadiah,Maun,Male
540,Umberto,Rushman,Male
541,Niven,O'Dowd,Male
542,Ryan,Renne,Male
543,Jonas,Shelvey,Male
544,Klarika,Gibbetts,Female
545,Federica,Madine,Female
546,Lawry,Fosdike,Male
547,Dolley,Hoyt,Female
548,Ira,Jerdon,Female
549,Lela,MacAlester,Female
550,Lizzie,Daft,Female
551,Tallou,Haxell,Female
552,Damara,Midson,Female
553,Korney,Cessford,Female
554,Karel,Blackhall,Male
555,Rafe,Brindley,Male
556,Roana,Hinrich,Female
557,Dolph,Trevillion,Male
558,Nettle,Fosh,Female
559,Rees,Hocking,Male
560,Meredith,Aucock,Male
561,Jarred,Clara,Male
562,Myca,Cooling,Male
563,Constantia,Escalante,Female
564,Hersh,Kempton,Male
565,Yvor,Tommaseo,Male
566,Kiel,Grinval,Male
567,Gilbert,Tummasutti,Male
568,Seymour,Tuxill,Male
569,Igor,Meriguet,Male
570,Anderson,Reimers,Male
571,Taite,Hardington,Male
572,Gabbie,Gladdin,Male
573,Yehudi,De Ferrari,Male
574,Worthington,Peffer,Male
575,Brina,Rathborne,Female
576,Janeta,Foskew,Female
577,Frasier,Laurenzi,Male
578,Stephenie,McLese,Female
579,Jammal,Hewins,Male
580,Inessa,Keitley,Female
581,Cleve,Keemar,Male
582,Buddie,Yoskowitz,Male
583,Katharina,De Vaar,Female
584,Gabby,Bedells,Male
585,Kristina,Sibary,Female
586,Katheryn,Clancey,Female
587,Tyrus,Village,Male
588,Larina,Eade,Female
589,Fields,Drysdell,Male
590,Bess,Canacott,Female
591,Alfie,Goroni,Male
592,Holli,Cawson,Female
593,Johny,Tenwick,Male
594,Templeton,Rusk,Male
595,Pace,Mattisssen,Male
596,Sybille,Weagener,Female
597,Kerry,Hulance,Male
598,Orville,Han,Male
599,Shaun,Girard,Female
600,Steven,Fido,Male
601,Darbee,Maltster,Male
602,Denver,McCalum,Male
603,Alethea,Muckley,Female
604,Vinnie,Tough,Female
605,Sarita,MacGiolla,Female
606,Matty,Slyman,Female
607,Sigmund,Fewings,Male
608,Waylon,Ungerer,Male
609,Vite,Stevens,Male
610,Vivianne,Olliffe,Female
611,Brady,Halshaw,Male
612,Bailey,McCaughran,Male
613,Guenna,Allott,Female
614,Jocelyn,McCay,Female
615,Feodor,Hopkynson,Male
616,Barrie,Maginot,Female
617,Clement,Borrett,Male
618,Ellette,O'Reilly,Female
619,Sherwynd,Antczak,Male
620,Nydia,Pruckner,Female
621,Ilka,Faherty,Female
622,Ogdon,Covey,Male
623,Keir,Itzkovici,Male
624,Sophronia,Harmond,Female
625,Maryjane,Jencken,Female
626,Appolonia,Eddowes,Female
627,Emelda,Tickle,Female
628,Lynelle,Sheber,Female
629,Sutherlan,Parr,Male
630,Kippy,Bear,Female
631,Melva,Realph,Female
632,Holmes,Madgewick,Male
633,Piper,Tremayle,Female
634,Chadd,Heustace,Male
635,Aprilette,Oulet,Female
636,Cleve,Dobble,Male
637,Sonya,Creaney,Female
638,Derrik,Garry,Male
639,Alard,Atmore,Male
640,Caresa,Gingles,Female
641,Cynthy,Melloi,Female
642,Annette,Dugmore,Female
643,Cullin,O'Reilly,Male
644,Wyatt,Boleyn,Male
645,Correy,Rentenbeck,Male
646,Stephan,Nunson,Male
647,Veriee,Marjoribanks,Female
648,Adriena,Rasell,Female
649,Juline,Franzettoini,Female
650,Dom,Bertrand,Male
651,Finlay,Golden,Male
652,Chad,Heathcote,Female
653,Karyl,McKimm,Female
654,Fanni,Klehn,Female
655,Lacie,Bariball,Female
656,Zonda,Peidro,Female
657,Todd,Challoner,Male
658,Darb,Cubitt,Female
659,Palm,Shemmans,Male
660,Bobby,Rojahn,Male
661,Valenka,Hurleston,Female
662,Reggy,Bearward,Male
663,Ahmed,Edelheid,Male
664,Susi,Burnsides,Female
665,Ealasaid,Grisard,Female
666,Shoshana,Cana,Female
667,Rawley,Linklater,Male
668,Lissy,Renner,Female
669,Kamillah,Gilardi,Female
670,Orel,Boyan,Female
671,Dewie,Slainey,Male
672,Zachary,McFarlane,Male
673,Rudiger,Sothcott,Male
674,Deonne,Fairbourne,Female
675,Arlen,Bollom,Male
676,Harlin,Fotheringham,Male
677,Eleanor,Castelin,Female
678,Denni,Brickell,Female
679,Rianon,Sparrow,Female
680,Abbey,Lampard,Male
681,Graehme,Collocott,Male
682,Veradis,Klimas,Female
683,Manfred,Rosle,Male
684,Gunner,Loche,Male
685,Ludovika,Krahl,Female
686,Redford,Tembey,Male
687,Reggy,Northidge,Male
688,Miguela,De Haven,Female
689,Henri,Gellett,Male
690,Cheslie,Malitrott,Female
691,Harriot,Bruckshaw,Female
692,Skipp,Schroter,Male
693,Alia,Novill,Female
694,Garv,Mash,Male
695,Noah,Pagnin,Male
696,Jacqueline,Heindrick,Female
697,Danita,Peepall,Female
698,Ambrosius,Rutigliano,Male
699,Aubrie,Surfleet,Female
700,Gisela,Jennaway,Female
701,Bren,Yegoshin,Male
702,Jandy,Rasmus,Female
703,Cyb,Trusty,Female
704,Rolland,McIsaac,Male
705,Geri,Vesco,Female
706,Morie,Jasper,Male
707,Melantha,Faughnan,Female
708,Olia,Luciano,Female
709,Sonia,Dimblebee,Female
710,Sondra,Affleck,Female
711,Danyelle,Smardon,Female
712,Jerrold,Croft,Male
713,Cloris,Ruggier,Female
714,Knox,Vink,Male
715,Josselyn,Blaksley,Female
716,Haskel,Fairburn,Male
717,Leonardo,Drought,Male
718,Tobe,Caddan,Female
719,Erny,Huck,Male
720,Piper,Pedroni,Female
721,Odie,Merrington,Male
722,Ivy,Greydon,Female
723,Ring,Cormode,Male
724,Aldridge,Pinnick,Male
725,Indira,Rapaport,Female
726,Georg,McEnhill,Male
727,Linnea,Crosier,Female
728,Hatti,Bartzen,Female
729,Lori,Hasloch,Female
730,Sophi,Grigori,Female
731,Tobye,Burdekin,Female
732,Alberto,Dumpleton,Male
733,Boot,Tregenna,Male
734,Chadwick,Ebbrell,Male
735,Stesha,Whatsize,Female
736,Merill,Lindenbluth,Male
737,Valentijn,Selvester,Male
738,Vidovik,Orae,Male
739,Catrina,Radclyffe,Female
740,Gretchen,Creyke,Female
741,Roanna,Pond-Jones,Female
742,Jervis,Chaize,Male
743,Mozelle,Stenet,Female
744,Dniren,Teenan,Female
745,Sargent,Dyble,Male
746,Creight,Conroy,Male
747,Margalit,Mutton,Female
748,Humfried,Pegram,Male
749,Justus,Lambotin,Male
750,Valentijn,Poundsford,Male
751,Valma,Buckoke,Female
752,Stormie,Ferrino,Female
753,Rebeca,Raubenheim,Female
754,Vanda,Clemont,Female
755,Myles,Gilhespy,Male
756,Tamra,Georgius,Female
757,Kerwinn,Hardison,Male
758,Floria,Pylkynyton,Female
759,Carson,Pawsey,Male
760,Murray,Hartil,Male
761,Carolee,Selvey,Female
762,Kean,Hudless,Male
763,Shaughn,Stockill,Male
764,Terrence,Sheards,Male
765,Justino,Huban,Male
766,Reamonn,Moult,Male
767,Redd,Stace,Male
768,Tull,Swatton,Male
769,Carson,Bastow,Male
770,Uta,Vanichkin,Female
771,Sharai,Aves,Female
772,Bevan,Bastistini,Male
773,Marlyn,Rockcliffe,Female
774,Laney,Primrose,Male
775,Rube,Matyja,Male
776,Ethelda,Farnish,Female
777,Chrysa,Stolze,Female
778,Perry,Kimberly,Male
779,Marquita,Mayberry,Female
780,Giustina,Matejic,Female
781,Andy,Maycock,Female
782,Victoria,Deares,Female
783,Rourke,OIlier,Male
784,Hagen,Herrero,Male
785,Sherman,Brailsford,Male
786,Ursala,Grayshan,Female
787,Alta,Aloshechkin,Female
788,Sylvester,Fladgate,Male
789,Nichols,Cattanach,Male
790,Hannah,Labes,Female
791,Beitris,Casaccio,Female
792,Timotheus,Scarlin,Male
793,Noland,Knappett,Male
794,Ulrica,Younglove,Female
795,Chen,Tye,Male
796,Darleen,Kilner,Female
797,Patric,Prevost,Male
798,Ryan,Twort,Male
799,Cathi,Grzelewski,Female
800,Hakeem,Seneschal,Male
801,Nell,Caulton,Female
802,Kellyann,Rainford,Female
803,Perle,Gunby,Female
804,Lynett,Wantling,Female
805,Verla,Rugiero,Female
806,Arlyne,Dignam,Female
807,Ingrim,Goude,Male
808,Danya,Simants,Female
809,Poppy,Beckson,Female
810,Jesse,Prentice,Male
811,Elmore,Laffan,Male
812,Mady,Proppers,Female
813,Goldie,Huntingdon,Female
814,Angelique,Ambrosoli,Female
815,Alvy,McFade,Male
816,Carolyn,Andriss,Female
817,Neysa,McMeanma,Female
818,Jecho,Casali,Male
819,Madelene,Allery,Female
820,Odey,Lowmass,Male
821,Don,Dole,Male
822,Micaela,Batterson,Female
823,Bay,Withey,Male
824,Griselda,Jollands,Female
825,Alidia,Charkham,Female
826,Alfreda,Dorset,Female
827,Latrena,O' Reagan,Female
828,Rayner,MacBarron,Male
829,Skippy,Swannell,Male
830,Florance,Alsop,Female
831,Paton,Antognozzii,Male
832,Sanson,Heitz,Male
833,Benedetto,Trubshaw,Male
834,Drugi,Schwaiger,Male
835,Mycah,Rowly,Male
836,Kelli,Lightowlers,Female
837,Akim,Saffell,Male
838,Stern,Tremelling,Male
839,Carson,Lortzing,Male
840,Ossie,Thompson,Male
841,Amble,Crux,Male
842,Francklin,Burnage,Male
843,Ulric,Jouhning,Male
844,Ham,O'Flaverty,Male
845,Corissa,Quakley,Female
846,Nevile,Wolseley,Male
847,Ivonne,Linner,Female
848,Hermie,Boscher,Male
849,Clare,Padfield,Female
850,Katrinka,Gwillyam,Female
851,Lulu,Grzeszczak,Female
852,Trip,Hammett,Male
853,Evita,Cuttell,Female
854,Dennison,Mattiuzzi,Male
855,Gweneth,Lissett,Female
856,Kacy,Eyes,Female
857,Marlin,Olexa,Male
858,Stanly,MacNeill,Male
859,Flory,Drepp,Male
860,Linette,Gallear,Female
861,Irvin,Karlowicz,Male
862,Kippy,Maiklem,Male
863,Hertha,Haseldine,Female
864,Berta,Sheers,Female
865,Patton,Staynes,Male
866,Gregory,Pearmain,Male
867,Jemie,Tejero,Female
868,Finn,Jezard,Male
869,Minny,Rowaszkiewicz,Female
870,Kirstyn,Yekel,Female
871,Sandi,Weyman,Female
872,Saunders,Greder,Male
873,Barny,Rumens,Male
874,Aron,Tongs,Male
875,Rubie,Caughte,Female
876,Chic,Zylbermann,Male
877,Kattie,Mottini,Female
878,Florenza,Jakucewicz,Female
879,Juli,Marrett,Female
880,Pen,Palser,Male
881,Brodie,Dowles,Male
882,Wylie,Barehead,Male
883,Cass,Mirams,Male
884,Gherardo,Summerscales,Male
885,Gibb,Uzelli,Male
886,Alix,Elvey,Female
887,Moreen,Frewer,Female
888,Zahara,Gilstin,Female
889,Reuven,Kordas,Male
890,Kenn,Humerstone,Male
891,Franky,Oakeshott,Male
892,Jandy,Bisatt,Female
893,Mollie,Roscamps,Female
894,Glendon,Bertelmot,Male
895,Dannel,Gouldthorpe,Male
896,Rem,Grogono,Male
897,Jacobo,Bottlestone,Male
898,Noach,Wraxall,Male
899,Shirl,Gookey,Female
900,Tandi,St Ledger,Female
901,Norris,Berge,Male
902,Kathryn,Delahunty,Female
903,Kirbee,Gandley,Female
904,Rosette,McMillian,Female
905,Elysee,Smelley,Female
906,Patti,Tabour,Female
907,Patton,Atwel,Male
908,Coral,Bixley,Female
909,Bram,Alexsandrowicz,Male
910,Quinn,Klainer,Female
911,Cullan,Winterflood,Male
912,Jilly,Kendred,Female
913,Peadar,Olyunin,Male
914,Alfy,Edgett,Male
915,Temple,Pinsent,Male
916,Zared,Iianon,Male
917,Maggie,Smerdon,Female
918,Em,Wisdish,Female
919,Elizabet,Motte,Female
920,Hakeem,Smalley,Male
921,Madalyn,Gredden,Female
922,Chicky,Errowe,Female
923,Krispin,Cuxson,Male
924,Leyla,Botterill,Female
925,Filbert,Saltrese,Male
926,Claudina,Matijasevic,Female
927,Torrie,McReidy,Female
928,Janeczka,McKiddin,Female
929,Sandy,Calan,Female
930,Evvie,Antal,Female
931,Sidney,Raccio,Male
932,Clarita,Paddle,Female
933,Gothart,O'Gleasane,Male
934,Caitrin,Kreuzer,Female
935,Merry,Turfs,Male
936,Diane,Cirlos,Female
937,Christie,Sings,Male
938,Kaila,Treeby,Female
939,Natale,Holstein,Male
940,Conny,Tremmel,Male
941,Brewer,Heiden,Male
942,Yorke,Willis,Male
943,Sonnie,Dyas,Male
944,Babbette,Pitkeathley,Female
945,Archie,Dewitt,Male
946,Donall,Myhan,Male
947,Alfons,Vasyutichev,Male
948,Marlow,Shapcote,Male
949,Thatcher,Elldred,Male
950,Leroi,Veall,Male
951,Gene,Moseby,Female
952,Grata,Grogan,Female
953,Connor,Crummay,Male
954,Rudy,Cheesley,Male
955,Aryn,Brazener,Female
956,Peg,Thorns,Female
957,Selia,Waterworth,Female
958,Axel,Odgaard,Male
959,Frederich,Anglim,Male
960,Jessee,Fice,Male
961,Ferguson,Esche,Male
962,Salvador,Look,Male
963,Belinda,Broadey,Female
964,Ryun,Cazalet,Male
965,Whit,McEntee,Male
966,Bradly,Wind,Male
967,Gweneth,Ewenson,Female
968,Wayne,Gresser,Male
969,Willis,Bleby,Male
970,Burnaby,Bunson,Male
971,Inigo,Hastwell,Male
972,Desmond,Kidney,Male
973,Benito,Barrett,Male
974,Luca,O'Fogarty,Male
975,Adan,Pinnegar,Male
976,Shelley,Savidge,Male
977,Northrup,Comber,Male
978,Carver,Gandey,Male
979,Torrey,Coushe,Male
980,Goldie,Toten,Female
981,Nelson,Billie,Male
982,Franni,Stobbs,Female
983,Ado,Mash,Male
984,Seana,Strowan,Female
985,Vikki,Talton,Female
986,Deb,Cominetti,Female
987,Urbano,McCourt,Male
988,Katie,Kite,Female
989,Kev,Smittoune,Male
990,Waverley,Lewens,Male
991,York,Durran,Male
992,Quentin,Annetts,Female
993,Reagen,Cooksley,Male
994,Patrice,O'Hdirscoll,Male
995,Gwenette,Milliere,Female
996,Almeta,Gretton,Female
997,Oberon,Langabeer,Male
998,George,Mariet,Male
999,Redford,Sextie,Male
1000,Jorge,Pawling,Male
